date_key,date,year,month,month_name,month_year,quarter,quarter_label,day,day_of_week,day_name,week_number,is_weekend,is_month_start,is_month_end,is_festival_season
20240101,2024-01-01,2024,1,Jan,Jan 2024,1,Q1,1,0,Monday,1,0,1,0,0
20240102,2024-01-02,2024,1,Jan,Jan 2024,1,Q1,2,1,Tuesday,1,0,1,0,0
20240103,2024-01-03,2024,1,Jan,Jan 2024,1,Q1,3,2,Wednesday,1,0,1,0,0
20240104,2024-01-04,2024,1,Jan,Jan 2024,1,Q1,4,3,Thursday,1,0,1,0,0
20240105,2024-01-05,2024,1,Jan,Jan 2024,1,Q1,5,4,Friday,1,0,1,0,0
20240106,2024-01-06,2024,1,Jan,Jan 2024,1,Q1,6,5,Saturday,1,1,0,0,0
20240107,2024-01-07,2024,1,Jan,Jan 2024,1,Q1,7,6,Sunday,1,1,0,0,0
20240108,2024-01-08,2024,1,Jan,Jan 2024,1,Q1,8,0,Monday,2,0,0,0,0
20240109,2024-01-09,2024,1,Jan,Jan 2024,1,Q1,9,1,Tuesday,2,0,0,0,0
20240110,2024-01-10,2024,1,Jan,Jan 2024,1,Q1,10,2,Wednesday,2,0,0,0,0
20240111,2024-01-11,2024,1,Jan,Jan 2024,1,Q1,11,3,Thursday,2,0,0,0,0
20240112,2024-01-12,2024,1,Jan,Jan 2024,1,Q1,12,4,Friday,2,0,0,0,0
20240113,2024-01-13,2024,1,Jan,Jan 2024,1,Q1,13,5,Saturday,2,1,0,0,0
20240114,2024-01-14,2024,1,Jan,Jan 2024,1,Q1,14,6,Sunday,2,1,0,0,0
20240115,2024-01-15,2024,1,Jan,Jan 2024,1,Q1,15,0,Monday,3,0,0,0,0
20240116,2024-01-16,2024,1,Jan,Jan 2024,1,Q1,16,1,Tuesday,3,0,0,0,0
20240117,2024-01-17,2024,1,Jan,Jan 2024,1,Q1,17,2,Wednesday,3,0,0,0,0
20240118,2024-01-18,2024,1,Jan,Jan 2024,1,Q1,18,3,Thursday,3,0,0,0,0
20240119,2024-01-19,2024,1,Jan,Jan 2024,1,Q1,19,4,Friday,3,0,0,0,0
20240120,2024-01-20,2024,1,Jan,Jan 2024,1,Q1,20,5,Saturday,3,1,0,0,0
20240121,2024-01-21,2024,1,Jan,Jan 2024,1,Q1,21,6,Sunday,3,1,0,0,0
20240122,2024-01-22,2024,1,Jan,Jan 2024,1,Q1,22,0,Monday,4,0,0,0,0
20240123,2024-01-23,2024,1,Jan,Jan 2024,1,Q1,23,1,Tuesday,4,0,0,0,0
20240124,2024-01-24,2024,1,Jan,Jan 2024,1,Q1,24,2,Wednesday,4,0,0,0,0
20240125,2024-01-25,2024,1,Jan,Jan 2024,1,Q1,25,3,Thursday,4,0,0,0,0
20240126,2024-01-26,2024,1,Jan,Jan 2024,1,Q1,26,4,Friday,4,0,0,1,0
20240127,2024-01-27,2024,1,Jan,Jan 2024,1,Q1,27,5,Saturday,4,1,0,1,0
20240128,2024-01-28,2024,1,Jan,Jan 2024,1,Q1,28,6,Sunday,4,1,0,1,0
20240129,2024-01-29,2024,1,Jan,Jan 2024,1,Q1,29,0,Monday,5,0,0,1,0
20240130,2024-01-30,2024,1,Jan,Jan 2024,1,Q1,30,1,Tuesday,5,0,0,1,0
20240131,2024-01-31,2024,1,Jan,Jan 2024,1,Q1,31,2,Wednesday,5,0,0,1,0
20240201,2024-02-01,2024,2,Feb,Feb 2024,1,Q1,1,3,Thursday,5,0,1,0,0
20240202,2024-02-02,2024,2,Feb,Feb 2024,1,Q1,2,4,Friday,5,0,1,0,0
20240203,2024-02-03,2024,2,Feb,Feb 2024,1,Q1,3,5,Saturday,5,1,1,0,0
20240204,2024-02-04,2024,2,Feb,Feb 2024,1,Q1,4,6,Sunday,5,1,1,0,0
20240205,2024-02-05,2024,2,Feb,Feb 2024,1,Q1,5,0,Monday,6,0,1,0,0
20240206,2024-02-06,2024,2,Feb,Feb 2024,1,Q1,6,1,Tuesday,6,0,0,0,0
20240207,2024-02-07,2024,2,Feb,Feb 2024,1,Q1,7,2,Wednesday,6,0,0,0,0
20240208,2024-02-08,2024,2,Feb,Feb 2024,1,Q1,8,3,Thursday,6,0,0,0,0
20240209,2024-02-09,2024,2,Feb,Feb 2024,1,Q1,9,4,Friday,6,0,0,0,0
20240210,2024-02-10,2024,2,Feb,Feb 2024,1,Q1,10,5,Saturday,6,1,0,0,0
20240211,2024-02-11,2024,2,Feb,Feb 2024,1,Q1,11,6,Sunday,6,1,0,0,0
20240212,2024-02-12,2024,2,Feb,Feb 2024,1,Q1,12,0,Monday,7,0,0,0,0
20240213,2024-02-13,2024,2,Feb,Feb 2024,1,Q1,13,1,Tuesday,7,0,0,0,0
20240214,2024-02-14,2024,2,Feb,Feb 2024,1,Q1,14,2,Wednesday,7,0,0,0,0
20240215,2024-02-15,2024,2,Feb,Feb 2024,1,Q1,15,3,Thursday,7,0,0,0,0
20240216,2024-02-16,2024,2,Feb,Feb 2024,1,Q1,16,4,Friday,7,0,0,0,0
20240217,2024-02-17,2024,2,Feb,Feb 2024,1,Q1,17,5,Saturday,7,1,0,0,0
20240218,2024-02-18,2024,2,Feb,Feb 2024,1,Q1,18,6,Sunday,7,1,0,0,0
20240219,2024-02-19,2024,2,Feb,Feb 2024,1,Q1,19,0,Monday,8,0,0,0,0
20240220,2024-02-20,2024,2,Feb,Feb 2024,1,Q1,20,1,Tuesday,8,0,0,0,0
20240221,2024-02-21,2024,2,Feb,Feb 2024,1,Q1,21,2,Wednesday,8,0,0,0,0
20240222,2024-02-22,2024,2,Feb,Feb 2024,1,Q1,22,3,Thursday,8,0,0,0,0
20240223,2024-02-23,2024,2,Feb,Feb 2024,1,Q1,23,4,Friday,8,0,0,0,0
20240224,2024-02-24,2024,2,Feb,Feb 2024,1,Q1,24,5,Saturday,8,1,0,0,0
20240225,2024-02-25,2024,2,Feb,Feb 2024,1,Q1,25,6,Sunday,8,1,0,0,0
20240226,2024-02-26,2024,2,Feb,Feb 2024,1,Q1,26,0,Monday,9,0,0,1,0
20240227,2024-02-27,2024,2,Feb,Feb 2024,1,Q1,27,1,Tuesday,9,0,0,1,0
20240228,2024-02-28,2024,2,Feb,Feb 2024,1,Q1,28,2,Wednesday,9,0,0,1,0
20240229,2024-02-29,2024,2,Feb,Feb 2024,1,Q1,29,3,Thursday,9,0,0,1,0
20240301,2024-03-01,2024,3,Mar,Mar 2024,1,Q1,1,4,Friday,9,0,1,0,0
20240302,2024-03-02,2024,3,Mar,Mar 2024,1,Q1,2,5,Saturday,9,1,1,0,0
20240303,2024-03-03,2024,3,Mar,Mar 2024,1,Q1,3,6,Sunday,9,1,1,0,0
20240304,2024-03-04,2024,3,Mar,Mar 2024,1,Q1,4,0,Monday,10,0,1,0,0
20240305,2024-03-05,2024,3,Mar,Mar 2024,1,Q1,5,1,Tuesday,10,0,1,0,0
20240306,2024-03-06,2024,3,Mar,Mar 2024,1,Q1,6,2,Wednesday,10,0,0,0,0
20240307,2024-03-07,2024,3,Mar,Mar 2024,1,Q1,7,3,Thursday,10,0,0,0,0
20240308,2024-03-08,2024,3,Mar,Mar 2024,1,Q1,8,4,Friday,10,0,0,0,0
20240309,2024-03-09,2024,3,Mar,Mar 2024,1,Q1,9,5,Saturday,10,1,0,0,0
20240310,2024-03-10,2024,3,Mar,Mar 2024,1,Q1,10,6,Sunday,10,1,0,0,0
20240311,2024-03-11,2024,3,Mar,Mar 2024,1,Q1,11,0,Monday,11,0,0,0,0
20240312,2024-03-12,2024,3,Mar,Mar 2024,1,Q1,12,1,Tuesday,11,0,0,0,0
20240313,2024-03-13,2024,3,Mar,Mar 2024,1,Q1,13,2,Wednesday,11,0,0,0,0
20240314,2024-03-14,2024,3,Mar,Mar 2024,1,Q1,14,3,Thursday,11,0,0,0,0
20240315,2024-03-15,2024,3,Mar,Mar 2024,1,Q1,15,4,Friday,11,0,0,0,0
20240316,2024-03-16,2024,3,Mar,Mar 2024,1,Q1,16,5,Saturday,11,1,0,0,0
20240317,2024-03-17,2024,3,Mar,Mar 2024,1,Q1,17,6,Sunday,11,1,0,0,0
20240318,2024-03-18,2024,3,Mar,Mar 2024,1,Q1,18,0,Monday,12,0,0,0,0
20240319,2024-03-19,2024,3,Mar,Mar 2024,1,Q1,19,1,Tuesday,12,0,0,0,0
20240320,2024-03-20,2024,3,Mar,Mar 2024,1,Q1,20,2,Wednesday,12,0,0,0,0
20240321,2024-03-21,2024,3,Mar,Mar 2024,1,Q1,21,3,Thursday,12,0,0,0,0
20240322,2024-03-22,2024,3,Mar,Mar 2024,1,Q1,22,4,Friday,12,0,0,0,0
20240323,2024-03-23,2024,3,Mar,Mar 2024,1,Q1,23,5,Saturday,12,1,0,0,0
20240324,2024-03-24,2024,3,Mar,Mar 2024,1,Q1,24,6,Sunday,12,1,0,0,0
20240325,2024-03-25,2024,3,Mar,Mar 2024,1,Q1,25,0,Monday,13,0,0,0,0
20240326,2024-03-26,2024,3,Mar,Mar 2024,1,Q1,26,1,Tuesday,13,0,0,1,0
20240327,2024-03-27,2024,3,Mar,Mar 2024,1,Q1,27,2,Wednesday,13,0,0,1,0
20240328,2024-03-28,2024,3,Mar,Mar 2024,1,Q1,28,3,Thursday,13,0,0,1,0
20240329,2024-03-29,2024,3,Mar,Mar 2024,1,Q1,29,4,Friday,13,0,0,1,0
20240330,2024-03-30,2024,3,Mar,Mar 2024,1,Q1,30,5,Saturday,13,1,0,1,0
20240331,2024-03-31,2024,3,Mar,Mar 2024,1,Q1,31,6,Sunday,13,1,0,1,0
20240401,2024-04-01,2024,4,Apr,Apr 2024,2,Q2,1,0,Monday,14,0,1,0,0
20240402,2024-04-02,2024,4,Apr,Apr 2024,2,Q2,2,1,Tuesday,14,0,1,0,0
20240403,2024-04-03,2024,4,Apr,Apr 2024,2,Q2,3,2,Wednesday,14,0,1,0,0
20240404,2024-04-04,2024,4,Apr,Apr 2024,2,Q2,4,3,Thursday,14,0,1,0,0
20240405,2024-04-05,2024,4,Apr,Apr 2024,2,Q2,5,4,Friday,14,0,1,0,0
20240406,2024-04-06,2024,4,Apr,Apr 2024,2,Q2,6,5,Saturday,14,1,0,0,0
20240407,2024-04-07,2024,4,Apr,Apr 2024,2,Q2,7,6,Sunday,14,1,0,0,0
20240408,2024-04-08,2024,4,Apr,Apr 2024,2,Q2,8,0,Monday,15,0,0,0,0
20240409,2024-04-09,2024,4,Apr,Apr 2024,2,Q2,9,1,Tuesday,15,0,0,0,0
20240410,2024-04-10,2024,4,Apr,Apr 2024,2,Q2,10,2,Wednesday,15,0,0,0,0
20240411,2024-04-11,2024,4,Apr,Apr 2024,2,Q2,11,3,Thursday,15,0,0,0,0
20240412,2024-04-12,2024,4,Apr,Apr 2024,2,Q2,12,4,Friday,15,0,0,0,0
20240413,2024-04-13,2024,4,Apr,Apr 2024,2,Q2,13,5,Saturday,15,1,0,0,0
20240414,2024-04-14,2024,4,Apr,Apr 2024,2,Q2,14,6,Sunday,15,1,0,0,0
20240415,2024-04-15,2024,4,Apr,Apr 2024,2,Q2,15,0,Monday,16,0,0,0,0
20240416,2024-04-16,2024,4,Apr,Apr 2024,2,Q2,16,1,Tuesday,16,0,0,0,0
20240417,2024-04-17,2024,4,Apr,Apr 2024,2,Q2,17,2,Wednesday,16,0,0,0,0
20240418,2024-04-18,2024,4,Apr,Apr 2024,2,Q2,18,3,Thursday,16,0,0,0,0
20240419,2024-04-19,2024,4,Apr,Apr 2024,2,Q2,19,4,Friday,16,0,0,0,0
20240420,2024-04-20,2024,4,Apr,Apr 2024,2,Q2,20,5,Saturday,16,1,0,0,0
20240421,2024-04-21,2024,4,Apr,Apr 2024,2,Q2,21,6,Sunday,16,1,0,0,0
20240422,2024-04-22,2024,4,Apr,Apr 2024,2,Q2,22,0,Monday,17,0,0,0,0
20240423,2024-04-23,2024,4,Apr,Apr 2024,2,Q2,23,1,Tuesday,17,0,0,0,0
20240424,2024-04-24,2024,4,Apr,Apr 2024,2,Q2,24,2,Wednesday,17,0,0,0,0
20240425,2024-04-25,2024,4,Apr,Apr 2024,2,Q2,25,3,Thursday,17,0,0,0,0
20240426,2024-04-26,2024,4,Apr,Apr 2024,2,Q2,26,4,Friday,17,0,0,1,0
20240427,2024-04-27,2024,4,Apr,Apr 2024,2,Q2,27,5,Saturday,17,1,0,1,0
20240428,2024-04-28,2024,4,Apr,Apr 2024,2,Q2,28,6,Sunday,17,1,0,1,0
20240429,2024-04-29,2024,4,Apr,Apr 2024,2,Q2,29,0,Monday,18,0,0,1,0
20240430,2024-04-30,2024,4,Apr,Apr 2024,2,Q2,30,1,Tuesday,18,0,0,1,0
20240501,2024-05-01,2024,5,May,May 2024,2,Q2,1,2,Wednesday,18,0,1,0,0
20240502,2024-05-02,2024,5,May,May 2024,2,Q2,2,3,Thursday,18,0,1,0,0
20240503,2024-05-03,2024,5,May,May 2024,2,Q2,3,4,Friday,18,0,1,0,0
20240504,2024-05-04,2024,5,May,May 2024,2,Q2,4,5,Saturday,18,1,1,0,0
20240505,2024-05-05,2024,5,May,May 2024,2,Q2,5,6,Sunday,18,1,1,0,0
20240506,2024-05-06,2024,5,May,May 2024,2,Q2,6,0,Monday,19,0,0,0,0
20240507,2024-05-07,2024,5,May,May 2024,2,Q2,7,1,Tuesday,19,0,0,0,0
20240508,2024-05-08,2024,5,May,May 2024,2,Q2,8,2,Wednesday,19,0,0,0,0
20240509,2024-05-09,2024,5,May,May 2024,2,Q2,9,3,Thursday,19,0,0,0,0
20240510,2024-05-10,2024,5,May,May 2024,2,Q2,10,4,Friday,19,0,0,0,0
20240511,2024-05-11,2024,5,May,May 2024,2,Q2,11,5,Saturday,19,1,0,0,0
20240512,2024-05-12,2024,5,May,May 2024,2,Q2,12,6,Sunday,19,1,0,0,0
20240513,2024-05-13,2024,5,May,May 2024,2,Q2,13,0,Monday,20,0,0,0,0
20240514,2024-05-14,2024,5,May,May 2024,2,Q2,14,1,Tuesday,20,0,0,0,0
20240515,2024-05-15,2024,5,May,May 2024,2,Q2,15,2,Wednesday,20,0,0,0,0
20240516,2024-05-16,2024,5,May,May 2024,2,Q2,16,3,Thursday,20,0,0,0,0
20240517,2024-05-17,2024,5,May,May 2024,2,Q2,17,4,Friday,20,0,0,0,0
20240518,2024-05-18,2024,5,May,May 2024,2,Q2,18,5,Saturday,20,1,0,0,0
20240519,2024-05-19,2024,5,May,May 2024,2,Q2,19,6,Sunday,20,1,0,0,0
20240520,2024-05-20,2024,5,May,May 2024,2,Q2,20,0,Monday,21,0,0,0,0
20240521,2024-05-21,2024,5,May,May 2024,2,Q2,21,1,Tuesday,21,0,0,0,0
20240522,2024-05-22,2024,5,May,May 2024,2,Q2,22,2,Wednesday,21,0,0,0,0
20240523,2024-05-23,2024,5,May,May 2024,2,Q2,23,3,Thursday,21,0,0,0,0
20240524,2024-05-24,2024,5,May,May 2024,2,Q2,24,4,Friday,21,0,0,0,0
20240525,2024-05-25,2024,5,May,May 2024,2,Q2,25,5,Saturday,21,1,0,0,0
20240526,2024-05-26,2024,5,May,May 2024,2,Q2,26,6,Sunday,21,1,0,1,0
20240527,2024-05-27,2024,5,May,May 2024,2,Q2,27,0,Monday,22,0,0,1,0
20240528,2024-05-28,2024,5,May,May 2024,2,Q2,28,1,Tuesday,22,0,0,1,0
20240529,2024-05-29,2024,5,May,May 2024,2,Q2,29,2,Wednesday,22,0,0,1,0
20240530,2024-05-30,2024,5,May,May 2024,2,Q2,30,3,Thursday,22,0,0,1,0
20240531,2024-05-31,2024,5,May,May 2024,2,Q2,31,4,Friday,22,0,0,1,0
20240601,2024-06-01,2024,6,Jun,Jun 2024,2,Q2,1,5,Saturday,22,1,1,0,0
20240602,2024-06-02,2024,6,Jun,Jun 2024,2,Q2,2,6,Sunday,22,1,1,0,0
20240603,2024-06-03,2024,6,Jun,Jun 2024,2,Q2,3,0,Monday,23,0,1,0,0
20240604,2024-06-04,2024,6,Jun,Jun 2024,2,Q2,4,1,Tuesday,23,0,1,0,0
20240605,2024-06-05,2024,6,Jun,Jun 2024,2,Q2,5,2,Wednesday,23,0,1,0,0
20240606,2024-06-06,2024,6,Jun,Jun 2024,2,Q2,6,3,Thursday,23,0,0,0,0
20240607,2024-06-07,2024,6,Jun,Jun 2024,2,Q2,7,4,Friday,23,0,0,0,0
20240608,2024-06-08,2024,6,Jun,Jun 2024,2,Q2,8,5,Saturday,23,1,0,0,0
20240609,2024-06-09,2024,6,Jun,Jun 2024,2,Q2,9,6,Sunday,23,1,0,0,0
20240610,2024-06-10,2024,6,Jun,Jun 2024,2,Q2,10,0,Monday,24,0,0,0,0
20240611,2024-06-11,2024,6,Jun,Jun 2024,2,Q2,11,1,Tuesday,24,0,0,0,0
20240612,2024-06-12,2024,6,Jun,Jun 2024,2,Q2,12,2,Wednesday,24,0,0,0,0
20240613,2024-06-13,2024,6,Jun,Jun 2024,2,Q2,13,3,Thursday,24,0,0,0,0
20240614,2024-06-14,2024,6,Jun,Jun 2024,2,Q2,14,4,Friday,24,0,0,0,0
20240615,2024-06-15,2024,6,Jun,Jun 2024,2,Q2,15,5,Saturday,24,1,0,0,0
20240616,2024-06-16,2024,6,Jun,Jun 2024,2,Q2,16,6,Sunday,24,1,0,0,0
20240617,2024-06-17,2024,6,Jun,Jun 2024,2,Q2,17,0,Monday,25,0,0,0,0
20240618,2024-06-18,2024,6,Jun,Jun 2024,2,Q2,18,1,Tuesday,25,0,0,0,0
20240619,2024-06-19,2024,6,Jun,Jun 2024,2,Q2,19,2,Wednesday,25,0,0,0,0
20240620,2024-06-20,2024,6,Jun,Jun 2024,2,Q2,20,3,Thursday,25,0,0,0,0
20240621,2024-06-21,2024,6,Jun,Jun 2024,2,Q2,21,4,Friday,25,0,0,0,0
20240622,2024-06-22,2024,6,Jun,Jun 2024,2,Q2,22,5,Saturday,25,1,0,0,0
20240623,2024-06-23,2024,6,Jun,Jun 2024,2,Q2,23,6,Sunday,25,1,0,0,0
20240624,2024-06-24,2024,6,Jun,Jun 2024,2,Q2,24,0,Monday,26,0,0,0,0
20240625,2024-06-25,2024,6,Jun,Jun 2024,2,Q2,25,1,Tuesday,26,0,0,0,0
20240626,2024-06-26,2024,6,Jun,Jun 2024,2,Q2,26,2,Wednesday,26,0,0,1,0
20240627,2024-06-27,2024,6,Jun,Jun 2024,2,Q2,27,3,Thursday,26,0,0,1,0
20240628,2024-06-28,2024,6,Jun,Jun 2024,2,Q2,28,4,Friday,26,0,0,1,0
20240629,2024-06-29,2024,6,Jun,Jun 2024,2,Q2,29,5,Saturday,26,1,0,1,0
20240630,2024-06-30,2024,6,Jun,Jun 2024,2,Q2,30,6,Sunday,26,1,0,1,0
20240701,2024-07-01,2024,7,Jul,Jul 2024,3,Q3,1,0,Monday,27,0,1,0,0
20240702,2024-07-02,2024,7,Jul,Jul 2024,3,Q3,2,1,Tuesday,27,0,1,0,0
20240703,2024-07-03,2024,7,Jul,Jul 2024,3,Q3,3,2,Wednesday,27,0,1,0,0
20240704,2024-07-04,2024,7,Jul,Jul 2024,3,Q3,4,3,Thursday,27,0,1,0,0
20240705,2024-07-05,2024,7,Jul,Jul 2024,3,Q3,5,4,Friday,27,0,1,0,0
20240706,2024-07-06,2024,7,Jul,Jul 2024,3,Q3,6,5,Saturday,27,1,0,0,0
20240707,2024-07-07,2024,7,Jul,Jul 2024,3,Q3,7,6,Sunday,27,1,0,0,0
20240708,2024-07-08,2024,7,Jul,Jul 2024,3,Q3,8,0,Monday,28,0,0,0,0
20240709,2024-07-09,2024,7,Jul,Jul 2024,3,Q3,9,1,Tuesday,28,0,0,0,0
20240710,2024-07-10,2024,7,Jul,Jul 2024,3,Q3,10,2,Wednesday,28,0,0,0,0
20240711,2024-07-11,2024,7,Jul,Jul 2024,3,Q3,11,3,Thursday,28,0,0,0,0
20240712,2024-07-12,2024,7,Jul,Jul 2024,3,Q3,12,4,Friday,28,0,0,0,0
20240713,2024-07-13,2024,7,Jul,Jul 2024,3,Q3,13,5,Saturday,28,1,0,0,0
20240714,2024-07-14,2024,7,Jul,Jul 2024,3,Q3,14,6,Sunday,28,1,0,0,0
20240715,2024-07-15,2024,7,Jul,Jul 2024,3,Q3,15,0,Monday,29,0,0,0,0
20240716,2024-07-16,2024,7,Jul,Jul 2024,3,Q3,16,1,Tuesday,29,0,0,0,0
20240717,2024-07-17,2024,7,Jul,Jul 2024,3,Q3,17,2,Wednesday,29,0,0,0,0
20240718,2024-07-18,2024,7,Jul,Jul 2024,3,Q3,18,3,Thursday,29,0,0,0,0
20240719,2024-07-19,2024,7,Jul,Jul 2024,3,Q3,19,4,Friday,29,0,0,0,0
20240720,2024-07-20,2024,7,Jul,Jul 2024,3,Q3,20,5,Saturday,29,1,0,0,0
20240721,2024-07-21,2024,7,Jul,Jul 2024,3,Q3,21,6,Sunday,29,1,0,0,0
20240722,2024-07-22,2024,7,Jul,Jul 2024,3,Q3,22,0,Monday,30,0,0,0,0
20240723,2024-07-23,2024,7,Jul,Jul 2024,3,Q3,23,1,Tuesday,30,0,0,0,0
20240724,2024-07-24,2024,7,Jul,Jul 2024,3,Q3,24,2,Wednesday,30,0,0,0,0
20240725,2024-07-25,2024,7,Jul,Jul 2024,3,Q3,25,3,Thursday,30,0,0,0,0
20240726,2024-07-26,2024,7,Jul,Jul 2024,3,Q3,26,4,Friday,30,0,0,1,0
20240727,2024-07-27,2024,7,Jul,Jul 2024,3,Q3,27,5,Saturday,30,1,0,1,0
20240728,2024-07-28,2024,7,Jul,Jul 2024,3,Q3,28,6,Sunday,30,1,0,1,0
20240729,2024-07-29,2024,7,Jul,Jul 2024,3,Q3,29,0,Monday,31,0,0,1,0
20240730,2024-07-30,2024,7,Jul,Jul 2024,3,Q3,30,1,Tuesday,31,0,0,1,0
20240731,2024-07-31,2024,7,Jul,Jul 2024,3,Q3,31,2,Wednesday,31,0,0,1,0
20240801,2024-08-01,2024,8,Aug,Aug 2024,3,Q3,1,3,Thursday,31,0,1,0,0
20240802,2024-08-02,2024,8,Aug,Aug 2024,3,Q3,2,4,Friday,31,0,1,0,0
20240803,2024-08-03,2024,8,Aug,Aug 2024,3,Q3,3,5,Saturday,31,1,1,0,0
20240804,2024-08-04,2024,8,Aug,Aug 2024,3,Q3,4,6,Sunday,31,1,1,0,0
20240805,2024-08-05,2024,8,Aug,Aug 2024,3,Q3,5,0,Monday,32,0,1,0,0
20240806,2024-08-06,2024,8,Aug,Aug 2024,3,Q3,6,1,Tuesday,32,0,0,0,0
20240807,2024-08-07,2024,8,Aug,Aug 2024,3,Q3,7,2,Wednesday,32,0,0,0,0
20240808,2024-08-08,2024,8,Aug,Aug 2024,3,Q3,8,3,Thursday,32,0,0,0,0
20240809,2024-08-09,2024,8,Aug,Aug 2024,3,Q3,9,4,Friday,32,0,0,0,0
20240810,2024-08-10,2024,8,Aug,Aug 2024,3,Q3,10,5,Saturday,32,1,0,0,0
20240811,2024-08-11,2024,8,Aug,Aug 2024,3,Q3,11,6,Sunday,32,1,0,0,0
20240812,2024-08-12,2024,8,Aug,Aug 2024,3,Q3,12,0,Monday,33,0,0,0,0
20240813,2024-08-13,2024,8,Aug,Aug 2024,3,Q3,13,1,Tuesday,33,0,0,0,0
20240814,2024-08-14,2024,8,Aug,Aug 2024,3,Q3,14,2,Wednesday,33,0,0,0,0
20240815,2024-08-15,2024,8,Aug,Aug 2024,3,Q3,15,3,Thursday,33,0,0,0,0
20240816,2024-08-16,2024,8,Aug,Aug 2024,3,Q3,16,4,Friday,33,0,0,0,0
20240817,2024-08-17,2024,8,Aug,Aug 2024,3,Q3,17,5,Saturday,33,1,0,0,0
20240818,2024-08-18,2024,8,Aug,Aug 2024,3,Q3,18,6,Sunday,33,1,0,0,0
20240819,2024-08-19,2024,8,Aug,Aug 2024,3,Q3,19,0,Monday,34,0,0,0,0
20240820,2024-08-20,2024,8,Aug,Aug 2024,3,Q3,20,1,Tuesday,34,0,0,0,0
20240821,2024-08-21,2024,8,Aug,Aug 2024,3,Q3,21,2,Wednesday,34,0,0,0,0
20240822,2024-08-22,2024,8,Aug,Aug 2024,3,Q3,22,3,Thursday,34,0,0,0,0
20240823,2024-08-23,2024,8,Aug,Aug 2024,3,Q3,23,4,Friday,34,0,0,0,0
20240824,2024-08-24,2024,8,Aug,Aug 2024,3,Q3,24,5,Saturday,34,1,0,0,0
20240825,2024-08-25,2024,8,Aug,Aug 2024,3,Q3,25,6,Sunday,34,1,0,0,0
20240826,2024-08-26,2024,8,Aug,Aug 2024,3,Q3,26,0,Monday,35,0,0,1,0
20240827,2024-08-27,2024,8,Aug,Aug 2024,3,Q3,27,1,Tuesday,35,0,0,1,0
20240828,2024-08-28,2024,8,Aug,Aug 2024,3,Q3,28,2,Wednesday,35,0,0,1,0
20240829,2024-08-29,2024,8,Aug,Aug 2024,3,Q3,29,3,Thursday,35,0,0,1,0
20240830,2024-08-30,2024,8,Aug,Aug 2024,3,Q3,30,4,Friday,35,0,0,1,0
20240831,2024-08-31,2024,8,Aug,Aug 2024,3,Q3,31,5,Saturday,35,1,0,1,0
20240901,2024-09-01,2024,9,Sep,Sep 2024,3,Q3,1,6,Sunday,35,1,1,0,0
20240902,2024-09-02,2024,9,Sep,Sep 2024,3,Q3,2,0,Monday,36,0,1,0,0
20240903,2024-09-03,2024,9,Sep,Sep 2024,3,Q3,3,1,Tuesday,36,0,1,0,0
20240904,2024-09-04,2024,9,Sep,Sep 2024,3,Q3,4,2,Wednesday,36,0,1,0,0
20240905,2024-09-05,2024,9,Sep,Sep 2024,3,Q3,5,3,Thursday,36,0,1,0,0
20240906,2024-09-06,2024,9,Sep,Sep 2024,3,Q3,6,4,Friday,36,0,0,0,0
20240907,2024-09-07,2024,9,Sep,Sep 2024,3,Q3,7,5,Saturday,36,1,0,0,0
20240908,2024-09-08,2024,9,Sep,Sep 2024,3,Q3,8,6,Sunday,36,1,0,0,0
20240909,2024-09-09,2024,9,Sep,Sep 2024,3,Q3,9,0,Monday,37,0,0,0,0
20240910,2024-09-10,2024,9,Sep,Sep 2024,3,Q3,10,1,Tuesday,37,0,0,0,0
20240911,2024-09-11,2024,9,Sep,Sep 2024,3,Q3,11,2,Wednesday,37,0,0,0,0
20240912,2024-09-12,2024,9,Sep,Sep 2024,3,Q3,12,3,Thursday,37,0,0,0,0
20240913,2024-09-13,2024,9,Sep,Sep 2024,3,Q3,13,4,Friday,37,0,0,0,0
20240914,2024-09-14,2024,9,Sep,Sep 2024,3,Q3,14,5,Saturday,37,1,0,0,0
20240915,2024-09-15,2024,9,Sep,Sep 2024,3,Q3,15,6,Sunday,37,1,0,0,0
20240916,2024-09-16,2024,9,Sep,Sep 2024,3,Q3,16,0,Monday,38,0,0,0,0
20240917,2024-09-17,2024,9,Sep,Sep 2024,3,Q3,17,1,Tuesday,38,0,0,0,0
20240918,2024-09-18,2024,9,Sep,Sep 2024,3,Q3,18,2,Wednesday,38,0,0,0,0
20240919,2024-09-19,2024,9,Sep,Sep 2024,3,Q3,19,3,Thursday,38,0,0,0,0
20240920,2024-09-20,2024,9,Sep,Sep 2024,3,Q3,20,4,Friday,38,0,0,0,0
20240921,2024-09-21,2024,9,Sep,Sep 2024,3,Q3,21,5,Saturday,38,1,0,0,0
20240922,2024-09-22,2024,9,Sep,Sep 2024,3,Q3,22,6,Sunday,38,1,0,0,0
20240923,2024-09-23,2024,9,Sep,Sep 2024,3,Q3,23,0,Monday,39,0,0,0,0
20240924,2024-09-24,2024,9,Sep,Sep 2024,3,Q3,24,1,Tuesday,39,0,0,0,0
20240925,2024-09-25,2024,9,Sep,Sep 2024,3,Q3,25,2,Wednesday,39,0,0,0,0
20240926,2024-09-26,2024,9,Sep,Sep 2024,3,Q3,26,3,Thursday,39,0,0,1,0
20240927,2024-09-27,2024,9,Sep,Sep 2024,3,Q3,27,4,Friday,39,0,0,1,0
20240928,2024-09-28,2024,9,Sep,Sep 2024,3,Q3,28,5,Saturday,39,1,0,1,0
20240929,2024-09-29,2024,9,Sep,Sep 2024,3,Q3,29,6,Sunday,39,1,0,1,0
20240930,2024-09-30,2024,9,Sep,Sep 2024,3,Q3,30,0,Monday,40,0,0,1,0
20241001,2024-10-01,2024,10,Oct,Oct 2024,4,Q4,1,1,Tuesday,40,0,1,0,1
20241002,2024-10-02,2024,10,Oct,Oct 2024,4,Q4,2,2,Wednesday,40,0,1,0,1
20241003,2024-10-03,2024,10,Oct,Oct 2024,4,Q4,3,3,Thursday,40,0,1,0,1
20241004,2024-10-04,2024,10,Oct,Oct 2024,4,Q4,4,4,Friday,40,0,1,0,1
20241005,2024-10-05,2024,10,Oct,Oct 2024,4,Q4,5,5,Saturday,40,1,1,0,1
20241006,2024-10-06,2024,10,Oct,Oct 2024,4,Q4,6,6,Sunday,40,1,0,0,1
20241007,2024-10-07,2024,10,Oct,Oct 2024,4,Q4,7,0,Monday,41,0,0,0,1
20241008,2024-10-08,2024,10,Oct,Oct 2024,4,Q4,8,1,Tuesday,41,0,0,0,1
20241009,2024-10-09,2024,10,Oct,Oct 2024,4,Q4,9,2,Wednesday,41,0,0,0,1
20241010,2024-10-10,2024,10,Oct,Oct 2024,4,Q4,10,3,Thursday,41,0,0,0,1
20241011,2024-10-11,2024,10,Oct,Oct 2024,4,Q4,11,4,Friday,41,0,0,0,1
20241012,2024-10-12,2024,10,Oct,Oct 2024,4,Q4,12,5,Saturday,41,1,0,0,1
20241013,2024-10-13,2024,10,Oct,Oct 2024,4,Q4,13,6,Sunday,41,1,0,0,1
20241014,2024-10-14,2024,10,Oct,Oct 2024,4,Q4,14,0,Monday,42,0,0,0,1
20241015,2024-10-15,2024,10,Oct,Oct 2024,4,Q4,15,1,Tuesday,42,0,0,0,1
20241016,2024-10-16,2024,10,Oct,Oct 2024,4,Q4,16,2,Wednesday,42,0,0,0,1
20241017,2024-10-17,2024,10,Oct,Oct 2024,4,Q4,17,3,Thursday,42,0,0,0,1
20241018,2024-10-18,2024,10,Oct,Oct 2024,4,Q4,18,4,Friday,42,0,0,0,1
20241019,2024-10-19,2024,10,Oct,Oct 2024,4,Q4,19,5,Saturday,42,1,0,0,1
20241020,2024-10-20,2024,10,Oct,Oct 2024,4,Q4,20,6,Sunday,42,1,0,0,1
20241021,2024-10-21,2024,10,Oct,Oct 2024,4,Q4,21,0,Monday,43,0,0,0,1
20241022,2024-10-22,2024,10,Oct,Oct 2024,4,Q4,22,1,Tuesday,43,0,0,0,1
20241023,2024-10-23,2024,10,Oct,Oct 2024,4,Q4,23,2,Wednesday,43,0,0,0,1
20241024,2024-10-24,2024,10,Oct,Oct 2024,4,Q4,24,3,Thursday,43,0,0,0,1
20241025,2024-10-25,2024,10,Oct,Oct 2024,4,Q4,25,4,Friday,43,0,0,0,1
20241026,2024-10-26,2024,10,Oct,Oct 2024,4,Q4,26,5,Saturday,43,1,0,1,1
20241027,2024-10-27,2024,10,Oct,Oct 2024,4,Q4,27,6,Sunday,43,1,0,1,1
20241028,2024-10-28,2024,10,Oct,Oct 2024,4,Q4,28,0,Monday,44,0,0,1,1
20241029,2024-10-29,2024,10,Oct,Oct 2024,4,Q4,29,1,Tuesday,44,0,0,1,1
20241030,2024-10-30,2024,10,Oct,Oct 2024,4,Q4,30,2,Wednesday,44,0,0,1,1
20241031,2024-10-31,2024,10,Oct,Oct 2024,4,Q4,31,3,Thursday,44,0,0,1,1
20241101,2024-11-01,2024,11,Nov,Nov 2024,4,Q4,1,4,Friday,44,0,1,0,1
20241102,2024-11-02,2024,11,Nov,Nov 2024,4,Q4,2,5,Saturday,44,1,1,0,1
20241103,2024-11-03,2024,11,Nov,Nov 2024,4,Q4,3,6,Sunday,44,1,1,0,1
20241104,2024-11-04,2024,11,Nov,Nov 2024,4,Q4,4,0,Monday,45,0,1,0,1
20241105,2024-11-05,2024,11,Nov,Nov 2024,4,Q4,5,1,Tuesday,45,0,1,0,1
20241106,2024-11-06,2024,11,Nov,Nov 2024,4,Q4,6,2,Wednesday,45,0,0,0,1
20241107,2024-11-07,2024,11,Nov,Nov 2024,4,Q4,7,3,Thursday,45,0,0,0,1
20241108,2024-11-08,2024,11,Nov,Nov 2024,4,Q4,8,4,Friday,45,0,0,0,1
20241109,2024-11-09,2024,11,Nov,Nov 2024,4,Q4,9,5,Saturday,45,1,0,0,1
20241110,2024-11-10,2024,11,Nov,Nov 2024,4,Q4,10,6,Sunday,45,1,0,0,1
20241111,2024-11-11,2024,11,Nov,Nov 2024,4,Q4,11,0,Monday,46,0,0,0,1
20241112,2024-11-12,2024,11,Nov,Nov 2024,4,Q4,12,1,Tuesday,46,0,0,0,1
20241113,2024-11-13,2024,11,Nov,Nov 2024,4,Q4,13,2,Wednesday,46,0,0,0,1
20241114,2024-11-14,2024,11,Nov,Nov 2024,4,Q4,14,3,Thursday,46,0,0,0,1
20241115,2024-11-15,2024,11,Nov,Nov 2024,4,Q4,15,4,Friday,46,0,0,0,1
20241116,2024-11-16,2024,11,Nov,Nov 2024,4,Q4,16,5,Saturday,46,1,0,0,1
20241117,2024-11-17,2024,11,Nov,Nov 2024,4,Q4,17,6,Sunday,46,1,0,0,1
20241118,2024-11-18,2024,11,Nov,Nov 2024,4,Q4,18,0,Monday,47,0,0,0,1
20241119,2024-11-19,2024,11,Nov,Nov 2024,4,Q4,19,1,Tuesday,47,0,0,0,1
20241120,2024-11-20,2024,11,Nov,Nov 2024,4,Q4,20,2,Wednesday,47,0,0,0,1
20241121,2024-11-21,2024,11,Nov,Nov 2024,4,Q4,21,3,Thursday,47,0,0,0,1
20241122,2024-11-22,2024,11,Nov,Nov 2024,4,Q4,22,4,Friday,47,0,0,0,1
20241123,2024-11-23,2024,11,Nov,Nov 2024,4,Q4,23,5,Saturday,47,1,0,0,1
20241124,2024-11-24,2024,11,Nov,Nov 2024,4,Q4,24,6,Sunday,47,1,0,0,1
20241125,2024-11-25,2024,11,Nov,Nov 2024,4,Q4,25,0,Monday,48,0,0,0,1
20241126,2024-11-26,2024,11,Nov,Nov 2024,4,Q4,26,1,Tuesday,48,0,0,1,1
20241127,2024-11-27,2024,11,Nov,Nov 2024,4,Q4,27,2,Wednesday,48,0,0,1,1
20241128,2024-11-28,2024,11,Nov,Nov 2024,4,Q4,28,3,Thursday,48,0,0,1,1
20241129,2024-11-29,2024,11,Nov,Nov 2024,4,Q4,29,4,Friday,48,0,0,1,1
20241130,2024-11-30,2024,11,Nov,Nov 2024,4,Q4,30,5,Saturday,48,1,0,1,1
20241201,2024-12-01,2024,12,Dec,Dec 2024,4,Q4,1,6,Sunday,48,1,1,0,0
20241202,2024-12-02,2024,12,Dec,Dec 2024,4,Q4,2,0,Monday,49,0,1,0,0
20241203,2024-12-03,2024,12,Dec,Dec 2024,4,Q4,3,1,Tuesday,49,0,1,0,0
20241204,2024-12-04,2024,12,Dec,Dec 2024,4,Q4,4,2,Wednesday,49,0,1,0,0
20241205,2024-12-05,2024,12,Dec,Dec 2024,4,Q4,5,3,Thursday,49,0,1,0,0
20241206,2024-12-06,2024,12,Dec,Dec 2024,4,Q4,6,4,Friday,49,0,0,0,0
20241207,2024-12-07,2024,12,Dec,Dec 2024,4,Q4,7,5,Saturday,49,1,0,0,0
20241208,2024-12-08,2024,12,Dec,Dec 2024,4,Q4,8,6,Sunday,49,1,0,0,0
20241209,2024-12-09,2024,12,Dec,Dec 2024,4,Q4,9,0,Monday,50,0,0,0,0
20241210,2024-12-10,2024,12,Dec,Dec 2024,4,Q4,10,1,Tuesday,50,0,0,0,0
20241211,2024-12-11,2024,12,Dec,Dec 2024,4,Q4,11,2,Wednesday,50,0,0,0,0
20241212,2024-12-12,2024,12,Dec,Dec 2024,4,Q4,12,3,Thursday,50,0,0,0,0
20241213,2024-12-13,2024,12,Dec,Dec 2024,4,Q4,13,4,Friday,50,0,0,0,0
20241214,2024-12-14,2024,12,Dec,Dec 2024,4,Q4,14,5,Saturday,50,1,0,0,0
20241215,2024-12-15,2024,12,Dec,Dec 2024,4,Q4,15,6,Sunday,50,1,0,0,0
20241216,2024-12-16,2024,12,Dec,Dec 2024,4,Q4,16,0,Monday,51,0,0,0,0
20241217,2024-12-17,2024,12,Dec,Dec 2024,4,Q4,17,1,Tuesday,51,0,0,0,0
20241218,2024-12-18,2024,12,Dec,Dec 2024,4,Q4,18,2,Wednesday,51,0,0,0,0
20241219,2024-12-19,2024,12,Dec,Dec 2024,4,Q4,19,3,Thursday,51,0,0,0,0
20241220,2024-12-20,2024,12,Dec,Dec 2024,4,Q4,20,4,Friday,51,0,0,0,0
20241221,2024-12-21,2024,12,Dec,Dec 2024,4,Q4,21,5,Saturday,51,1,0,0,0
20241222,2024-12-22,2024,12,Dec,Dec 2024,4,Q4,22,6,Sunday,51,1,0,0,0
20241223,2024-12-23,2024,12,Dec,Dec 2024,4,Q4,23,0,Monday,52,0,0,0,0
20241224,2024-12-24,2024,12,Dec,Dec 2024,4,Q4,24,1,Tuesday,52,0,0,0,0
20241225,2024-12-25,2024,12,Dec,Dec 2024,4,Q4,25,2,Wednesday,52,0,0,0,0
20241226,2024-12-26,2024,12,Dec,Dec 2024,4,Q4,26,3,Thursday,52,0,0,1,0
20241227,2024-12-27,2024,12,Dec,Dec 2024,4,Q4,27,4,Friday,52,0,0,1,0
20241228,2024-12-28,2024,12,Dec,Dec 2024,4,Q4,28,5,Saturday,52,1,0,1,0
20241229,2024-12-29,2024,12,Dec,Dec 2024,4,Q4,29,6,Sunday,52,1,0,1,0
20241230,2024-12-30,2024,12,Dec,Dec 2024,4,Q4,30,0,Monday,1,0,0,1,0
20241231,2024-12-31,2024,12,Dec,Dec 2024,4,Q4,31,1,Tuesday,1,0,0,1,0
20250101,2025-01-01,2025,1,Jan,Jan 2025,1,Q1,1,2,Wednesday,1,0,1,0,0
20250102,2025-01-02,2025,1,Jan,Jan 2025,1,Q1,2,3,Thursday,1,0,1,0,0
20250103,2025-01-03,2025,1,Jan,Jan 2025,1,Q1,3,4,Friday,1,0,1,0,0
20250104,2025-01-04,2025,1,Jan,Jan 2025,1,Q1,4,5,Saturday,1,1,1,0,0
20250105,2025-01-05,2025,1,Jan,Jan 2025,1,Q1,5,6,Sunday,1,1,1,0,0
20250106,2025-01-06,2025,1,Jan,Jan 2025,1,Q1,6,0,Monday,2,0,0,0,0
20250107,2025-01-07,2025,1,Jan,Jan 2025,1,Q1,7,1,Tuesday,2,0,0,0,0
20250108,2025-01-08,2025,1,Jan,Jan 2025,1,Q1,8,2,Wednesday,2,0,0,0,0
20250109,2025-01-09,2025,1,Jan,Jan 2025,1,Q1,9,3,Thursday,2,0,0,0,0
20250110,2025-01-10,2025,1,Jan,Jan 2025,1,Q1,10,4,Friday,2,0,0,0,0
20250111,2025-01-11,2025,1,Jan,Jan 2025,1,Q1,11,5,Saturday,2,1,0,0,0
20250112,2025-01-12,2025,1,Jan,Jan 2025,1,Q1,12,6,Sunday,2,1,0,0,0
20250113,2025-01-13,2025,1,Jan,Jan 2025,1,Q1,13,0,Monday,3,0,0,0,0
20250114,2025-01-14,2025,1,Jan,Jan 2025,1,Q1,14,1,Tuesday,3,0,0,0,0
20250115,2025-01-15,2025,1,Jan,Jan 2025,1,Q1,15,2,Wednesday,3,0,0,0,0
20250116,2025-01-16,2025,1,Jan,Jan 2025,1,Q1,16,3,Thursday,3,0,0,0,0
20250117,2025-01-17,2025,1,Jan,Jan 2025,1,Q1,17,4,Friday,3,0,0,0,0
20250118,2025-01-18,2025,1,Jan,Jan 2025,1,Q1,18,5,Saturday,3,1,0,0,0
20250119,2025-01-19,2025,1,Jan,Jan 2025,1,Q1,19,6,Sunday,3,1,0,0,0
20250120,2025-01-20,2025,1,Jan,Jan 2025,1,Q1,20,0,Monday,4,0,0,0,0
20250121,2025-01-21,2025,1,Jan,Jan 2025,1,Q1,21,1,Tuesday,4,0,0,0,0
20250122,2025-01-22,2025,1,Jan,Jan 2025,1,Q1,22,2,Wednesday,4,0,0,0,0
20250123,2025-01-23,2025,1,Jan,Jan 2025,1,Q1,23,3,Thursday,4,0,0,0,0
20250124,2025-01-24,2025,1,Jan,Jan 2025,1,Q1,24,4,Friday,4,0,0,0,0
20250125,2025-01-25,2025,1,Jan,Jan 2025,1,Q1,25,5,Saturday,4,1,0,0,0
20250126,2025-01-26,2025,1,Jan,Jan 2025,1,Q1,26,6,Sunday,4,1,0,1,0
20250127,2025-01-27,2025,1,Jan,Jan 2025,1,Q1,27,0,Monday,5,0,0,1,0
20250128,2025-01-28,2025,1,Jan,Jan 2025,1,Q1,28,1,Tuesday,5,0,0,1,0
20250129,2025-01-29,2025,1,Jan,Jan 2025,1,Q1,29,2,Wednesday,5,0,0,1,0
20250130,2025-01-30,2025,1,Jan,Jan 2025,1,Q1,30,3,Thursday,5,0,0,1,0
20250131,2025-01-31,2025,1,Jan,Jan 2025,1,Q1,31,4,Friday,5,0,0,1,0
20250201,2025-02-01,2025,2,Feb,Feb 2025,1,Q1,1,5,Saturday,5,1,1,0,0
20250202,2025-02-02,2025,2,Feb,Feb 2025,1,Q1,2,6,Sunday,5,1,1,0,0
20250203,2025-02-03,2025,2,Feb,Feb 2025,1,Q1,3,0,Monday,6,0,1,0,0
20250204,2025-02-04,2025,2,Feb,Feb 2025,1,Q1,4,1,Tuesday,6,0,1,0,0
20250205,2025-02-05,2025,2,Feb,Feb 2025,1,Q1,5,2,Wednesday,6,0,1,0,0
20250206,2025-02-06,2025,2,Feb,Feb 2025,1,Q1,6,3,Thursday,6,0,0,0,0
20250207,2025-02-07,2025,2,Feb,Feb 2025,1,Q1,7,4,Friday,6,0,0,0,0
20250208,2025-02-08,2025,2,Feb,Feb 2025,1,Q1,8,5,Saturday,6,1,0,0,0
20250209,2025-02-09,2025,2,Feb,Feb 2025,1,Q1,9,6,Sunday,6,1,0,0,0
20250210,2025-02-10,2025,2,Feb,Feb 2025,1,Q1,10,0,Monday,7,0,0,0,0
20250211,2025-02-11,2025,2,Feb,Feb 2025,1,Q1,11,1,Tuesday,7,0,0,0,0
20250212,2025-02-12,2025,2,Feb,Feb 2025,1,Q1,12,2,Wednesday,7,0,0,0,0
20250213,2025-02-13,2025,2,Feb,Feb 2025,1,Q1,13,3,Thursday,7,0,0,0,0
20250214,2025-02-14,2025,2,Feb,Feb 2025,1,Q1,14,4,Friday,7,0,0,0,0
20250215,2025-02-15,2025,2,Feb,Feb 2025,1,Q1,15,5,Saturday,7,1,0,0,0
20250216,2025-02-16,2025,2,Feb,Feb 2025,1,Q1,16,6,Sunday,7,1,0,0,0
20250217,2025-02-17,2025,2,Feb,Feb 2025,1,Q1,17,0,Monday,8,0,0,0,0
20250218,2025-02-18,2025,2,Feb,Feb 2025,1,Q1,18,1,Tuesday,8,0,0,0,0
20250219,2025-02-19,2025,2,Feb,Feb 2025,1,Q1,19,2,Wednesday,8,0,0,0,0
20250220,2025-02-20,2025,2,Feb,Feb 2025,1,Q1,20,3,Thursday,8,0,0,0,0
20250221,2025-02-21,2025,2,Feb,Feb 2025,1,Q1,21,4,Friday,8,0,0,0,0
20250222,2025-02-22,2025,2,Feb,Feb 2025,1,Q1,22,5,Saturday,8,1,0,0,0
20250223,2025-02-23,2025,2,Feb,Feb 2025,1,Q1,23,6,Sunday,8,1,0,0,0
20250224,2025-02-24,2025,2,Feb,Feb 2025,1,Q1,24,0,Monday,9,0,0,0,0
20250225,2025-02-25,2025,2,Feb,Feb 2025,1,Q1,25,1,Tuesday,9,0,0,0,0
20250226,2025-02-26,2025,2,Feb,Feb 2025,1,Q1,26,2,Wednesday,9,0,0,1,0
20250227,2025-02-27,2025,2,Feb,Feb 2025,1,Q1,27,3,Thursday,9,0,0,1,0
20250228,2025-02-28,2025,2,Feb,Feb 2025,1,Q1,28,4,Friday,9,0,0,1,0
20250301,2025-03-01,2025,3,Mar,Mar 2025,1,Q1,1,5,Saturday,9,1,1,0,0
20250302,2025-03-02,2025,3,Mar,Mar 2025,1,Q1,2,6,Sunday,9,1,1,0,0
20250303,2025-03-03,2025,3,Mar,Mar 2025,1,Q1,3,0,Monday,10,0,1,0,0
20250304,2025-03-04,2025,3,Mar,Mar 2025,1,Q1,4,1,Tuesday,10,0,1,0,0
20250305,2025-03-05,2025,3,Mar,Mar 2025,1,Q1,5,2,Wednesday,10,0,1,0,0
20250306,2025-03-06,2025,3,Mar,Mar 2025,1,Q1,6,3,Thursday,10,0,0,0,0
20250307,2025-03-07,2025,3,Mar,Mar 2025,1,Q1,7,4,Friday,10,0,0,0,0
20250308,2025-03-08,2025,3,Mar,Mar 2025,1,Q1,8,5,Saturday,10,1,0,0,0
20250309,2025-03-09,2025,3,Mar,Mar 2025,1,Q1,9,6,Sunday,10,1,0,0,0
20250310,2025-03-10,2025,3,Mar,Mar 2025,1,Q1,10,0,Monday,11,0,0,0,0
20250311,2025-03-11,2025,3,Mar,Mar 2025,1,Q1,11,1,Tuesday,11,0,0,0,0
20250312,2025-03-12,2025,3,Mar,Mar 2025,1,Q1,12,2,Wednesday,11,0,0,0,0
20250313,2025-03-13,2025,3,Mar,Mar 2025,1,Q1,13,3,Thursday,11,0,0,0,0
20250314,2025-03-14,2025,3,Mar,Mar 2025,1,Q1,14,4,Friday,11,0,0,0,0
20250315,2025-03-15,2025,3,Mar,Mar 2025,1,Q1,15,5,Saturday,11,1,0,0,0
20250316,2025-03-16,2025,3,Mar,Mar 2025,1,Q1,16,6,Sunday,11,1,0,0,0
20250317,2025-03-17,2025,3,Mar,Mar 2025,1,Q1,17,0,Monday,12,0,0,0,0
20250318,2025-03-18,2025,3,Mar,Mar 2025,1,Q1,18,1,Tuesday,12,0,0,0,0
20250319,2025-03-19,2025,3,Mar,Mar 2025,1,Q1,19,2,Wednesday,12,0,0,0,0
20250320,2025-03-20,2025,3,Mar,Mar 2025,1,Q1,20,3,Thursday,12,0,0,0,0
20250321,2025-03-21,2025,3,Mar,Mar 2025,1,Q1,21,4,Friday,12,0,0,0,0
20250322,2025-03-22,2025,3,Mar,Mar 2025,1,Q1,22,5,Saturday,12,1,0,0,0
20250323,2025-03-23,2025,3,Mar,Mar 2025,1,Q1,23,6,Sunday,12,1,0,0,0
20250324,2025-03-24,2025,3,Mar,Mar 2025,1,Q1,24,0,Monday,13,0,0,0,0
20250325,2025-03-25,2025,3,Mar,Mar 2025,1,Q1,25,1,Tuesday,13,0,0,0,0
20250326,2025-03-26,2025,3,Mar,Mar 2025,1,Q1,26,2,Wednesday,13,0,0,1,0
20250327,2025-03-27,2025,3,Mar,Mar 2025,1,Q1,27,3,Thursday,13,0,0,1,0
20250328,2025-03-28,2025,3,Mar,Mar 2025,1,Q1,28,4,Friday,13,0,0,1,0
20250329,2025-03-29,2025,3,Mar,Mar 2025,1,Q1,29,5,Saturday,13,1,0,1,0
20250330,2025-03-30,2025,3,Mar,Mar 2025,1,Q1,30,6,Sunday,13,1,0,1,0
20250331,2025-03-31,2025,3,Mar,Mar 2025,1,Q1,31,0,Monday,14,0,0,1,0
20250401,2025-04-01,2025,4,Apr,Apr 2025,2,Q2,1,1,Tuesday,14,0,1,0,0
20250402,2025-04-02,2025,4,Apr,Apr 2025,2,Q2,2,2,Wednesday,14,0,1,0,0
20250403,2025-04-03,2025,4,Apr,Apr 2025,2,Q2,3,3,Thursday,14,0,1,0,0
20250404,2025-04-04,2025,4,Apr,Apr 2025,2,Q2,4,4,Friday,14,0,1,0,0
20250405,2025-04-05,2025,4,Apr,Apr 2025,2,Q2,5,5,Saturday,14,1,1,0,0
20250406,2025-04-06,2025,4,Apr,Apr 2025,2,Q2,6,6,Sunday,14,1,0,0,0
20250407,2025-04-07,2025,4,Apr,Apr 2025,2,Q2,7,0,Monday,15,0,0,0,0
20250408,2025-04-08,2025,4,Apr,Apr 2025,2,Q2,8,1,Tuesday,15,0,0,0,0
20250409,2025-04-09,2025,4,Apr,Apr 2025,2,Q2,9,2,Wednesday,15,0,0,0,0
20250410,2025-04-10,2025,4,Apr,Apr 2025,2,Q2,10,3,Thursday,15,0,0,0,0
20250411,2025-04-11,2025,4,Apr,Apr 2025,2,Q2,11,4,Friday,15,0,0,0,0
20250412,2025-04-12,2025,4,Apr,Apr 2025,2,Q2,12,5,Saturday,15,1,0,0,0
20250413,2025-04-13,2025,4,Apr,Apr 2025,2,Q2,13,6,Sunday,15,1,0,0,0
20250414,2025-04-14,2025,4,Apr,Apr 2025,2,Q2,14,0,Monday,16,0,0,0,0
20250415,2025-04-15,2025,4,Apr,Apr 2025,2,Q2,15,1,Tuesday,16,0,0,0,0
20250416,2025-04-16,2025,4,Apr,Apr 2025,2,Q2,16,2,Wednesday,16,0,0,0,0
20250417,2025-04-17,2025,4,Apr,Apr 2025,2,Q2,17,3,Thursday,16,0,0,0,0
20250418,2025-04-18,2025,4,Apr,Apr 2025,2,Q2,18,4,Friday,16,0,0,0,0
20250419,2025-04-19,2025,4,Apr,Apr 2025,2,Q2,19,5,Saturday,16,1,0,0,0
20250420,2025-04-20,2025,4,Apr,Apr 2025,2,Q2,20,6,Sunday,16,1,0,0,0
20250421,2025-04-21,2025,4,Apr,Apr 2025,2,Q2,21,0,Monday,17,0,0,0,0
20250422,2025-04-22,2025,4,Apr,Apr 2025,2,Q2,22,1,Tuesday,17,0,0,0,0
20250423,2025-04-23,2025,4,Apr,Apr 2025,2,Q2,23,2,Wednesday,17,0,0,0,0
20250424,2025-04-24,2025,4,Apr,Apr 2025,2,Q2,24,3,Thursday,17,0,0,0,0
20250425,2025-04-25,2025,4,Apr,Apr 2025,2,Q2,25,4,Friday,17,0,0,0,0
20250426,2025-04-26,2025,4,Apr,Apr 2025,2,Q2,26,5,Saturday,17,1,0,1,0
20250427,2025-04-27,2025,4,Apr,Apr 2025,2,Q2,27,6,Sunday,17,1,0,1,0
20250428,2025-04-28,2025,4,Apr,Apr 2025,2,Q2,28,0,Monday,18,0,0,1,0
20250429,2025-04-29,2025,4,Apr,Apr 2025,2,Q2,29,1,Tuesday,18,0,0,1,0
20250430,2025-04-30,2025,4,Apr,Apr 2025,2,Q2,30,2,Wednesday,18,0,0,1,0
20250501,2025-05-01,2025,5,May,May 2025,2,Q2,1,3,Thursday,18,0,1,0,0
20250502,2025-05-02,2025,5,May,May 2025,2,Q2,2,4,Friday,18,0,1,0,0
20250503,2025-05-03,2025,5,May,May 2025,2,Q2,3,5,Saturday,18,1,1,0,0
20250504,2025-05-04,2025,5,May,May 2025,2,Q2,4,6,Sunday,18,1,1,0,0
20250505,2025-05-05,2025,5,May,May 2025,2,Q2,5,0,Monday,19,0,1,0,0
20250506,2025-05-06,2025,5,May,May 2025,2,Q2,6,1,Tuesday,19,0,0,0,0
20250507,2025-05-07,2025,5,May,May 2025,2,Q2,7,2,Wednesday,19,0,0,0,0
20250508,2025-05-08,2025,5,May,May 2025,2,Q2,8,3,Thursday,19,0,0,0,0
20250509,2025-05-09,2025,5,May,May 2025,2,Q2,9,4,Friday,19,0,0,0,0
20250510,2025-05-10,2025,5,May,May 2025,2,Q2,10,5,Saturday,19,1,0,0,0
20250511,2025-05-11,2025,5,May,May 2025,2,Q2,11,6,Sunday,19,1,0,0,0
20250512,2025-05-12,2025,5,May,May 2025,2,Q2,12,0,Monday,20,0,0,0,0
20250513,2025-05-13,2025,5,May,May 2025,2,Q2,13,1,Tuesday,20,0,0,0,0
20250514,2025-05-14,2025,5,May,May 2025,2,Q2,14,2,Wednesday,20,0,0,0,0
20250515,2025-05-15,2025,5,May,May 2025,2,Q2,15,3,Thursday,20,0,0,0,0
20250516,2025-05-16,2025,5,May,May 2025,2,Q2,16,4,Friday,20,0,0,0,0
20250517,2025-05-17,2025,5,May,May 2025,2,Q2,17,5,Saturday,20,1,0,0,0
20250518,2025-05-18,2025,5,May,May 2025,2,Q2,18,6,Sunday,20,1,0,0,0
20250519,2025-05-19,2025,5,May,May 2025,2,Q2,19,0,Monday,21,0,0,0,0
20250520,2025-05-20,2025,5,May,May 2025,2,Q2,20,1,Tuesday,21,0,0,0,0
20250521,2025-05-21,2025,5,May,May 2025,2,Q2,21,2,Wednesday,21,0,0,0,0
20250522,2025-05-22,2025,5,May,May 2025,2,Q2,22,3,Thursday,21,0,0,0,0
20250523,2025-05-23,2025,5,May,May 2025,2,Q2,23,4,Friday,21,0,0,0,0
20250524,2025-05-24,2025,5,May,May 2025,2,Q2,24,5,Saturday,21,1,0,0,0
20250525,2025-05-25,2025,5,May,May 2025,2,Q2,25,6,Sunday,21,1,0,0,0
20250526,2025-05-26,2025,5,May,May 2025,2,Q2,26,0,Monday,22,0,0,1,0
20250527,2025-05-27,2025,5,May,May 2025,2,Q2,27,1,Tuesday,22,0,0,1,0
20250528,2025-05-28,2025,5,May,May 2025,2,Q2,28,2,Wednesday,22,0,0,1,0
20250529,2025-05-29,2025,5,May,May 2025,2,Q2,29,3,Thursday,22,0,0,1,0
20250530,2025-05-30,2025,5,May,May 2025,2,Q2,30,4,Friday,22,0,0,1,0
20250531,2025-05-31,2025,5,May,May 2025,2,Q2,31,5,Saturday,22,1,0,1,0
20250601,2025-06-01,2025,6,Jun,Jun 2025,2,Q2,1,6,Sunday,22,1,1,0,0
20250602,2025-06-02,2025,6,Jun,Jun 2025,2,Q2,2,0,Monday,23,0,1,0,0
20250603,2025-06-03,2025,6,Jun,Jun 2025,2,Q2,3,1,Tuesday,23,0,1,0,0
20250604,2025-06-04,2025,6,Jun,Jun 2025,2,Q2,4,2,Wednesday,23,0,1,0,0
20250605,2025-06-05,2025,6,Jun,Jun 2025,2,Q2,5,3,Thursday,23,0,1,0,0
20250606,2025-06-06,2025,6,Jun,Jun 2025,2,Q2,6,4,Friday,23,0,0,0,0
20250607,2025-06-07,2025,6,Jun,Jun 2025,2,Q2,7,5,Saturday,23,1,0,0,0
20250608,2025-06-08,2025,6,Jun,Jun 2025,2,Q2,8,6,Sunday,23,1,0,0,0
20250609,2025-06-09,2025,6,Jun,Jun 2025,2,Q2,9,0,Monday,24,0,0,0,0
20250610,2025-06-10,2025,6,Jun,Jun 2025,2,Q2,10,1,Tuesday,24,0,0,0,0
20250611,2025-06-11,2025,6,Jun,Jun 2025,2,Q2,11,2,Wednesday,24,0,0,0,0
20250612,2025-06-12,2025,6,Jun,Jun 2025,2,Q2,12,3,Thursday,24,0,0,0,0
20250613,2025-06-13,2025,6,Jun,Jun 2025,2,Q2,13,4,Friday,24,0,0,0,0
20250614,2025-06-14,2025,6,Jun,Jun 2025,2,Q2,14,5,Saturday,24,1,0,0,0
20250615,2025-06-15,2025,6,Jun,Jun 2025,2,Q2,15,6,Sunday,24,1,0,0,0
20250616,2025-06-16,2025,6,Jun,Jun 2025,2,Q2,16,0,Monday,25,0,0,0,0
20250617,2025-06-17,2025,6,Jun,Jun 2025,2,Q2,17,1,Tuesday,25,0,0,0,0
20250618,2025-06-18,2025,6,Jun,Jun 2025,2,Q2,18,2,Wednesday,25,0,0,0,0
20250619,2025-06-19,2025,6,Jun,Jun 2025,2,Q2,19,3,Thursday,25,0,0,0,0
20250620,2025-06-20,2025,6,Jun,Jun 2025,2,Q2,20,4,Friday,25,0,0,0,0
20250621,2025-06-21,2025,6,Jun,Jun 2025,2,Q2,21,5,Saturday,25,1,0,0,0
20250622,2025-06-22,2025,6,Jun,Jun 2025,2,Q2,22,6,Sunday,25,1,0,0,0
20250623,2025-06-23,2025,6,Jun,Jun 2025,2,Q2,23,0,Monday,26,0,0,0,0
20250624,2025-06-24,2025,6,Jun,Jun 2025,2,Q2,24,1,Tuesday,26,0,0,0,0
20250625,2025-06-25,2025,6,Jun,Jun 2025,2,Q2,25,2,Wednesday,26,0,0,0,0
20250626,2025-06-26,2025,6,Jun,Jun 2025,2,Q2,26,3,Thursday,26,0,0,1,0
20250627,2025-06-27,2025,6,Jun,Jun 2025,2,Q2,27,4,Friday,26,0,0,1,0
20250628,2025-06-28,2025,6,Jun,Jun 2025,2,Q2,28,5,Saturday,26,1,0,1,0
20250629,2025-06-29,2025,6,Jun,Jun 2025,2,Q2,29,6,Sunday,26,1,0,1,0
20250630,2025-06-30,2025,6,Jun,Jun 2025,2,Q2,30,0,Monday,27,0,0,1,0
20250701,2025-07-01,2025,7,Jul,Jul 2025,3,Q3,1,1,Tuesday,27,0,1,0,0
20250702,2025-07-02,2025,7,Jul,Jul 2025,3,Q3,2,2,Wednesday,27,0,1,0,0
20250703,2025-07-03,2025,7,Jul,Jul 2025,3,Q3,3,3,Thursday,27,0,1,0,0
20250704,2025-07-04,2025,7,Jul,Jul 2025,3,Q3,4,4,Friday,27,0,1,0,0
20250705,2025-07-05,2025,7,Jul,Jul 2025,3,Q3,5,5,Saturday,27,1,1,0,0
20250706,2025-07-06,2025,7,Jul,Jul 2025,3,Q3,6,6,Sunday,27,1,0,0,0
20250707,2025-07-07,2025,7,Jul,Jul 2025,3,Q3,7,0,Monday,28,0,0,0,0
20250708,2025-07-08,2025,7,Jul,Jul 2025,3,Q3,8,1,Tuesday,28,0,0,0,0
20250709,2025-07-09,2025,7,Jul,Jul 2025,3,Q3,9,2,Wednesday,28,0,0,0,0
20250710,2025-07-10,2025,7,Jul,Jul 2025,3,Q3,10,3,Thursday,28,0,0,0,0
20250711,2025-07-11,2025,7,Jul,Jul 2025,3,Q3,11,4,Friday,28,0,0,0,0
20250712,2025-07-12,2025,7,Jul,Jul 2025,3,Q3,12,5,Saturday,28,1,0,0,0
20250713,2025-07-13,2025,7,Jul,Jul 2025,3,Q3,13,6,Sunday,28,1,0,0,0
20250714,2025-07-14,2025,7,Jul,Jul 2025,3,Q3,14,0,Monday,29,0,0,0,0
20250715,2025-07-15,2025,7,Jul,Jul 2025,3,Q3,15,1,Tuesday,29,0,0,0,0
20250716,2025-07-16,2025,7,Jul,Jul 2025,3,Q3,16,2,Wednesday,29,0,0,0,0
20250717,2025-07-17,2025,7,Jul,Jul 2025,3,Q3,17,3,Thursday,29,0,0,0,0
20250718,2025-07-18,2025,7,Jul,Jul 2025,3,Q3,18,4,Friday,29,0,0,0,0
20250719,2025-07-19,2025,7,Jul,Jul 2025,3,Q3,19,5,Saturday,29,1,0,0,0
20250720,2025-07-20,2025,7,Jul,Jul 2025,3,Q3,20,6,Sunday,29,1,0,0,0
20250721,2025-07-21,2025,7,Jul,Jul 2025,3,Q3,21,0,Monday,30,0,0,0,0
20250722,2025-07-22,2025,7,Jul,Jul 2025,3,Q3,22,1,Tuesday,30,0,0,0,0
20250723,2025-07-23,2025,7,Jul,Jul 2025,3,Q3,23,2,Wednesday,30,0,0,0,0
20250724,2025-07-24,2025,7,Jul,Jul 2025,3,Q3,24,3,Thursday,30,0,0,0,0
20250725,2025-07-25,2025,7,Jul,Jul 2025,3,Q3,25,4,Friday,30,0,0,0,0
20250726,2025-07-26,2025,7,Jul,Jul 2025,3,Q3,26,5,Saturday,30,1,0,1,0
20250727,2025-07-27,2025,7,Jul,Jul 2025,3,Q3,27,6,Sunday,30,1,0,1,0
20250728,2025-07-28,2025,7,Jul,Jul 2025,3,Q3,28,0,Monday,31,0,0,1,0
20250729,2025-07-29,2025,7,Jul,Jul 2025,3,Q3,29,1,Tuesday,31,0,0,1,0
20250730,2025-07-30,2025,7,Jul,Jul 2025,3,Q3,30,2,Wednesday,31,0,0,1,0
20250731,2025-07-31,2025,7,Jul,Jul 2025,3,Q3,31,3,Thursday,31,0,0,1,0
20250801,2025-08-01,2025,8,Aug,Aug 2025,3,Q3,1,4,Friday,31,0,1,0,0
20250802,2025-08-02,2025,8,Aug,Aug 2025,3,Q3,2,5,Saturday,31,1,1,0,0
20250803,2025-08-03,2025,8,Aug,Aug 2025,3,Q3,3,6,Sunday,31,1,1,0,0
20250804,2025-08-04,2025,8,Aug,Aug 2025,3,Q3,4,0,Monday,32,0,1,0,0
20250805,2025-08-05,2025,8,Aug,Aug 2025,3,Q3,5,1,Tuesday,32,0,1,0,0
20250806,2025-08-06,2025,8,Aug,Aug 2025,3,Q3,6,2,Wednesday,32,0,0,0,0
20250807,2025-08-07,2025,8,Aug,Aug 2025,3,Q3,7,3,Thursday,32,0,0,0,0
20250808,2025-08-08,2025,8,Aug,Aug 2025,3,Q3,8,4,Friday,32,0,0,0,0
20250809,2025-08-09,2025,8,Aug,Aug 2025,3,Q3,9,5,Saturday,32,1,0,0,0
20250810,2025-08-10,2025,8,Aug,Aug 2025,3,Q3,10,6,Sunday,32,1,0,0,0
20250811,2025-08-11,2025,8,Aug,Aug 2025,3,Q3,11,0,Monday,33,0,0,0,0
20250812,2025-08-12,2025,8,Aug,Aug 2025,3,Q3,12,1,Tuesday,33,0,0,0,0
20250813,2025-08-13,2025,8,Aug,Aug 2025,3,Q3,13,2,Wednesday,33,0,0,0,0
20250814,2025-08-14,2025,8,Aug,Aug 2025,3,Q3,14,3,Thursday,33,0,0,0,0
20250815,2025-08-15,2025,8,Aug,Aug 2025,3,Q3,15,4,Friday,33,0,0,0,0
20250816,2025-08-16,2025,8,Aug,Aug 2025,3,Q3,16,5,Saturday,33,1,0,0,0
20250817,2025-08-17,2025,8,Aug,Aug 2025,3,Q3,17,6,Sunday,33,1,0,0,0
20250818,2025-08-18,2025,8,Aug,Aug 2025,3,Q3,18,0,Monday,34,0,0,0,0
20250819,2025-08-19,2025,8,Aug,Aug 2025,3,Q3,19,1,Tuesday,34,0,0,0,0
20250820,2025-08-20,2025,8,Aug,Aug 2025,3,Q3,20,2,Wednesday,34,0,0,0,0
20250821,2025-08-21,2025,8,Aug,Aug 2025,3,Q3,21,3,Thursday,34,0,0,0,0
20250822,2025-08-22,2025,8,Aug,Aug 2025,3,Q3,22,4,Friday,34,0,0,0,0
20250823,2025-08-23,2025,8,Aug,Aug 2025,3,Q3,23,5,Saturday,34,1,0,0,0
20250824,2025-08-24,2025,8,Aug,Aug 2025,3,Q3,24,6,Sunday,34,1,0,0,0
20250825,2025-08-25,2025,8,Aug,Aug 2025,3,Q3,25,0,Monday,35,0,0,0,0
20250826,2025-08-26,2025,8,Aug,Aug 2025,3,Q3,26,1,Tuesday,35,0,0,1,0
20250827,2025-08-27,2025,8,Aug,Aug 2025,3,Q3,27,2,Wednesday,35,0,0,1,0
20250828,2025-08-28,2025,8,Aug,Aug 2025,3,Q3,28,3,Thursday,35,0,0,1,0
20250829,2025-08-29,2025,8,Aug,Aug 2025,3,Q3,29,4,Friday,35,0,0,1,0
20250830,2025-08-30,2025,8,Aug,Aug 2025,3,Q3,30,5,Saturday,35,1,0,1,0
20250831,2025-08-31,2025,8,Aug,Aug 2025,3,Q3,31,6,Sunday,35,1,0,1,0
20250901,2025-09-01,2025,9,Sep,Sep 2025,3,Q3,1,0,Monday,36,0,1,0,0
20250902,2025-09-02,2025,9,Sep,Sep 2025,3,Q3,2,1,Tuesday,36,0,1,0,0
20250903,2025-09-03,2025,9,Sep,Sep 2025,3,Q3,3,2,Wednesday,36,0,1,0,0
20250904,2025-09-04,2025,9,Sep,Sep 2025,3,Q3,4,3,Thursday,36,0,1,0,0
20250905,2025-09-05,2025,9,Sep,Sep 2025,3,Q3,5,4,Friday,36,0,1,0,0
20250906,2025-09-06,2025,9,Sep,Sep 2025,3,Q3,6,5,Saturday,36,1,0,0,0
20250907,2025-09-07,2025,9,Sep,Sep 2025,3,Q3,7,6,Sunday,36,1,0,0,0
20250908,2025-09-08,2025,9,Sep,Sep 2025,3,Q3,8,0,Monday,37,0,0,0,0
20250909,2025-09-09,2025,9,Sep,Sep 2025,3,Q3,9,1,Tuesday,37,0,0,0,0
20250910,2025-09-10,2025,9,Sep,Sep 2025,3,Q3,10,2,Wednesday,37,0,0,0,0
20250911,2025-09-11,2025,9,Sep,Sep 2025,3,Q3,11,3,Thursday,37,0,0,0,0
20250912,2025-09-12,2025,9,Sep,Sep 2025,3,Q3,12,4,Friday,37,0,0,0,0
20250913,2025-09-13,2025,9,Sep,Sep 2025,3,Q3,13,5,Saturday,37,1,0,0,0
20250914,2025-09-14,2025,9,Sep,Sep 2025,3,Q3,14,6,Sunday,37,1,0,0,0
20250915,2025-09-15,2025,9,Sep,Sep 2025,3,Q3,15,0,Monday,38,0,0,0,0
20250916,2025-09-16,2025,9,Sep,Sep 2025,3,Q3,16,1,Tuesday,38,0,0,0,0
20250917,2025-09-17,2025,9,Sep,Sep 2025,3,Q3,17,2,Wednesday,38,0,0,0,0
20250918,2025-09-18,2025,9,Sep,Sep 2025,3,Q3,18,3,Thursday,38,0,0,0,0
20250919,2025-09-19,2025,9,Sep,Sep 2025,3,Q3,19,4,Friday,38,0,0,0,0
20250920,2025-09-20,2025,9,Sep,Sep 2025,3,Q3,20,5,Saturday,38,1,0,0,0
20250921,2025-09-21,2025,9,Sep,Sep 2025,3,Q3,21,6,Sunday,38,1,0,0,0
20250922,2025-09-22,2025,9,Sep,Sep 2025,3,Q3,22,0,Monday,39,0,0,0,0
20250923,2025-09-23,2025,9,Sep,Sep 2025,3,Q3,23,1,Tuesday,39,0,0,0,0
20250924,2025-09-24,2025,9,Sep,Sep 2025,3,Q3,24,2,Wednesday,39,0,0,0,0
20250925,2025-09-25,2025,9,Sep,Sep 2025,3,Q3,25,3,Thursday,39,0,0,0,0
20250926,2025-09-26,2025,9,Sep,Sep 2025,3,Q3,26,4,Friday,39,0,0,1,0
20250927,2025-09-27,2025,9,Sep,Sep 2025,3,Q3,27,5,Saturday,39,1,0,1,0
20250928,2025-09-28,2025,9,Sep,Sep 2025,3,Q3,28,6,Sunday,39,1,0,1,0
20250929,2025-09-29,2025,9,Sep,Sep 2025,3,Q3,29,0,Monday,40,0,0,1,0
20250930,2025-09-30,2025,9,Sep,Sep 2025,3,Q3,30,1,Tuesday,40,0,0,1,0
20251001,2025-10-01,2025,10,Oct,Oct 2025,4,Q4,1,2,Wednesday,40,0,1,0,1
20251002,2025-10-02,2025,10,Oct,Oct 2025,4,Q4,2,3,Thursday,40,0,1,0,1
20251003,2025-10-03,2025,10,Oct,Oct 2025,4,Q4,3,4,Friday,40,0,1,0,1
20251004,2025-10-04,2025,10,Oct,Oct 2025,4,Q4,4,5,Saturday,40,1,1,0,1
20251005,2025-10-05,2025,10,Oct,Oct 2025,4,Q4,5,6,Sunday,40,1,1,0,1
20251006,2025-10-06,2025,10,Oct,Oct 2025,4,Q4,6,0,Monday,41,0,0,0,1
20251007,2025-10-07,2025,10,Oct,Oct 2025,4,Q4,7,1,Tuesday,41,0,0,0,1
20251008,2025-10-08,2025,10,Oct,Oct 2025,4,Q4,8,2,Wednesday,41,0,0,0,1
20251009,2025-10-09,2025,10,Oct,Oct 2025,4,Q4,9,3,Thursday,41,0,0,0,1
20251010,2025-10-10,2025,10,Oct,Oct 2025,4,Q4,10,4,Friday,41,0,0,0,1
20251011,2025-10-11,2025,10,Oct,Oct 2025,4,Q4,11,5,Saturday,41,1,0,0,1
20251012,2025-10-12,2025,10,Oct,Oct 2025,4,Q4,12,6,Sunday,41,1,0,0,1
20251013,2025-10-13,2025,10,Oct,Oct 2025,4,Q4,13,0,Monday,42,0,0,0,1
20251014,2025-10-14,2025,10,Oct,Oct 2025,4,Q4,14,1,Tuesday,42,0,0,0,1
20251015,2025-10-15,2025,10,Oct,Oct 2025,4,Q4,15,2,Wednesday,42,0,0,0,1
20251016,2025-10-16,2025,10,Oct,Oct 2025,4,Q4,16,3,Thursday,42,0,0,0,1
20251017,2025-10-17,2025,10,Oct,Oct 2025,4,Q4,17,4,Friday,42,0,0,0,1
20251018,2025-10-18,2025,10,Oct,Oct 2025,4,Q4,18,5,Saturday,42,1,0,0,1
20251019,2025-10-19,2025,10,Oct,Oct 2025,4,Q4,19,6,Sunday,42,1,0,0,1
20251020,2025-10-20,2025,10,Oct,Oct 2025,4,Q4,20,0,Monday,43,0,0,0,1
20251021,2025-10-21,2025,10,Oct,Oct 2025,4,Q4,21,1,Tuesday,43,0,0,0,1
20251022,2025-10-22,2025,10,Oct,Oct 2025,4,Q4,22,2,Wednesday,43,0,0,0,1
20251023,2025-10-23,2025,10,Oct,Oct 2025,4,Q4,23,3,Thursday,43,0,0,0,1
20251024,2025-10-24,2025,10,Oct,Oct 2025,4,Q4,24,4,Friday,43,0,0,0,1
20251025,2025-10-25,2025,10,Oct,Oct 2025,4,Q4,25,5,Saturday,43,1,0,0,1
20251026,2025-10-26,2025,10,Oct,Oct 2025,4,Q4,26,6,Sunday,43,1,0,1,1
20251027,2025-10-27,2025,10,Oct,Oct 2025,4,Q4,27,0,Monday,44,0,0,1,1
20251028,2025-10-28,2025,10,Oct,Oct 2025,4,Q4,28,1,Tuesday,44,0,0,1,1
20251029,2025-10-29,2025,10,Oct,Oct 2025,4,Q4,29,2,Wednesday,44,0,0,1,1
20251030,2025-10-30,2025,10,Oct,Oct 2025,4,Q4,30,3,Thursday,44,0,0,1,1
20251031,2025-10-31,2025,10,Oct,Oct 2025,4,Q4,31,4,Friday,44,0,0,1,1
20251101,2025-11-01,2025,11,Nov,Nov 2025,4,Q4,1,5,Saturday,44,1,1,0,1
20251102,2025-11-02,2025,11,Nov,Nov 2025,4,Q4,2,6,Sunday,44,1,1,0,1
20251103,2025-11-03,2025,11,Nov,Nov 2025,4,Q4,3,0,Monday,45,0,1,0,1
20251104,2025-11-04,2025,11,Nov,Nov 2025,4,Q4,4,1,Tuesday,45,0,1,0,1
20251105,2025-11-05,2025,11,Nov,Nov 2025,4,Q4,5,2,Wednesday,45,0,1,0,1
20251106,2025-11-06,2025,11,Nov,Nov 2025,4,Q4,6,3,Thursday,45,0,0,0,1
20251107,2025-11-07,2025,11,Nov,Nov 2025,4,Q4,7,4,Friday,45,0,0,0,1
20251108,2025-11-08,2025,11,Nov,Nov 2025,4,Q4,8,5,Saturday,45,1,0,0,1
20251109,2025-11-09,2025,11,Nov,Nov 2025,4,Q4,9,6,Sunday,45,1,0,0,1
20251110,2025-11-10,2025,11,Nov,Nov 2025,4,Q4,10,0,Monday,46,0,0,0,1
20251111,2025-11-11,2025,11,Nov,Nov 2025,4,Q4,11,1,Tuesday,46,0,0,0,1
20251112,2025-11-12,2025,11,Nov,Nov 2025,4,Q4,12,2,Wednesday,46,0,0,0,1
20251113,2025-11-13,2025,11,Nov,Nov 2025,4,Q4,13,3,Thursday,46,0,0,0,1
20251114,2025-11-14,2025,11,Nov,Nov 2025,4,Q4,14,4,Friday,46,0,0,0,1
20251115,2025-11-15,2025,11,Nov,Nov 2025,4,Q4,15,5,Saturday,46,1,0,0,1
20251116,2025-11-16,2025,11,Nov,Nov 2025,4,Q4,16,6,Sunday,46,1,0,0,1
20251117,2025-11-17,2025,11,Nov,Nov 2025,4,Q4,17,0,Monday,47,0,0,0,1
20251118,2025-11-18,2025,11,Nov,Nov 2025,4,Q4,18,1,Tuesday,47,0,0,0,1
20251119,2025-11-19,2025,11,Nov,Nov 2025,4,Q4,19,2,Wednesday,47,0,0,0,1
20251120,2025-11-20,2025,11,Nov,Nov 2025,4,Q4,20,3,Thursday,47,0,0,0,1
20251121,2025-11-21,2025,11,Nov,Nov 2025,4,Q4,21,4,Friday,47,0,0,0,1
20251122,2025-11-22,2025,11,Nov,Nov 2025,4,Q4,22,5,Saturday,47,1,0,0,1
20251123,2025-11-23,2025,11,Nov,Nov 2025,4,Q4,23,6,Sunday,47,1,0,0,1
20251124,2025-11-24,2025,11,Nov,Nov 2025,4,Q4,24,0,Monday,48,0,0,0,1
20251125,2025-11-25,2025,11,Nov,Nov 2025,4,Q4,25,1,Tuesday,48,0,0,0,1
20251126,2025-11-26,2025,11,Nov,Nov 2025,4,Q4,26,2,Wednesday,48,0,0,1,1
20251127,2025-11-27,2025,11,Nov,Nov 2025,4,Q4,27,3,Thursday,48,0,0,1,1
20251128,2025-11-28,2025,11,Nov,Nov 2025,4,Q4,28,4,Friday,48,0,0,1,1
20251129,2025-11-29,2025,11,Nov,Nov 2025,4,Q4,29,5,Saturday,48,1,0,1,1
20251130,2025-11-30,2025,11,Nov,Nov 2025,4,Q4,30,6,Sunday,48,1,0,1,1
20251201,2025-12-01,2025,12,Dec,Dec 2025,4,Q4,1,0,Monday,49,0,1,0,0
20251202,2025-12-02,2025,12,Dec,Dec 2025,4,Q4,2,1,Tuesday,49,0,1,0,0
20251203,2025-12-03,2025,12,Dec,Dec 2025,4,Q4,3,2,Wednesday,49,0,1,0,0
20251204,2025-12-04,2025,12,Dec,Dec 2025,4,Q4,4,3,Thursday,49,0,1,0,0
20251205,2025-12-05,2025,12,Dec,Dec 2025,4,Q4,5,4,Friday,49,0,1,0,0
20251206,2025-12-06,2025,12,Dec,Dec 2025,4,Q4,6,5,Saturday,49,1,0,0,0
20251207,2025-12-07,2025,12,Dec,Dec 2025,4,Q4,7,6,Sunday,49,1,0,0,0
20251208,2025-12-08,2025,12,Dec,Dec 2025,4,Q4,8,0,Monday,50,0,0,0,0
20251209,2025-12-09,2025,12,Dec,Dec 2025,4,Q4,9,1,Tuesday,50,0,0,0,0
20251210,2025-12-10,2025,12,Dec,Dec 2025,4,Q4,10,2,Wednesday,50,0,0,0,0
20251211,2025-12-11,2025,12,Dec,Dec 2025,4,Q4,11,3,Thursday,50,0,0,0,0
20251212,2025-12-12,2025,12,Dec,Dec 2025,4,Q4,12,4,Friday,50,0,0,0,0
20251213,2025-12-13,2025,12,Dec,Dec 2025,4,Q4,13,5,Saturday,50,1,0,0,0
20251214,2025-12-14,2025,12,Dec,Dec 2025,4,Q4,14,6,Sunday,50,1,0,0,0
20251215,2025-12-15,2025,12,Dec,Dec 2025,4,Q4,15,0,Monday,51,0,0,0,0
20251216,2025-12-16,2025,12,Dec,Dec 2025,4,Q4,16,1,Tuesday,51,0,0,0,0
20251217,2025-12-17,2025,12,Dec,Dec 2025,4,Q4,17,2,Wednesday,51,0,0,0,0
20251218,2025-12-18,2025,12,Dec,Dec 2025,4,Q4,18,3,Thursday,51,0,0,0,0
20251219,2025-12-19,2025,12,Dec,Dec 2025,4,Q4,19,4,Friday,51,0,0,0,0
20251220,2025-12-20,2025,12,Dec,Dec 2025,4,Q4,20,5,Saturday,51,1,0,0,0
20251221,2025-12-21,2025,12,Dec,Dec 2025,4,Q4,21,6,Sunday,51,1,0,0,0
20251222,2025-12-22,2025,12,Dec,Dec 2025,4,Q4,22,0,Monday,52,0,0,0,0
20251223,2025-12-23,2025,12,Dec,Dec 2025,4,Q4,23,1,Tuesday,52,0,0,0,0
20251224,2025-12-24,2025,12,Dec,Dec 2025,4,Q4,24,2,Wednesday,52,0,0,0,0
20251225,2025-12-25,2025,12,Dec,Dec 2025,4,Q4,25,3,Thursday,52,0,0,0,0
20251226,2025-12-26,2025,12,Dec,Dec 2025,4,Q4,26,4,Friday,52,0,0,1,0
20251227,2025-12-27,2025,12,Dec,Dec 2025,4,Q4,27,5,Saturday,52,1,0,1,0
20251228,2025-12-28,2025,12,Dec,Dec 2025,4,Q4,28,6,Sunday,52,1,0,1,0
20251229,2025-12-29,2025,12,Dec,Dec 2025,4,Q4,29,0,Monday,1,0,0,1,0
20251230,2025-12-30,2025,12,Dec,Dec 2025,4,Q4,30,1,Tuesday,1,0,0,1,0
20251231,2025-12-31,2025,12,Dec,Dec 2025,4,Q4,31,2,Wednesday,1,0,0,1,0
